{"cameraMode":{"drawMode":0,"name":"Shaded","section":"Shading Mode"},"sceneLighting":true,"audioPlay":false,"sceneViewState":{"m_AlwaysRefresh":false,"showFog":true,"showSkybox":true,"showFlares":true,"showImageEffects":true,"showParticleSystems":true,"showVisualEffectGraphs":true,"m_FxEnabled":true},"in2DMode":false,"pivot":{"x":265.9107971191406,"y":59.774505615234378,"z":103.6114501953125},"rotation":{"x":-0.08089959621429444,"y":-0.01614820957183838,"z":0.0013069786364212633,"w":-0.9965792298316956},"size":369.7770690917969,"orthographic":false}