{"cameraMode":{"drawMode":0,"name":"Shaded","section":"Shading Mode"},"sceneLighting":false,"audioPlay":false,"sceneViewState":{"m_AlwaysRefresh":false,"showFog":true,"showSkybox":true,"showFlares":true,"showImageEffects":true,"showParticleSystems":true,"showVisualEffectGraphs":true,"m_FxEnabled":true},"in2DMode":false,"pivot":{"x":121.59359741210938,"y":-25.922924041748048,"z":100.61544036865235},"rotation":{"x":0.20630133152008058,"y":0.12001097947359085,"z":-0.025502905249595643,"w":0.9707704186439514},"size":51.63125991821289,"orthographic":false}